job_id,wallet,amount_sol,tx_signature
LIVE-1768932619-0,FpFtUESU6Rvy7uS85sLDg7iayjczrsFNJa4Q2dFV8z6q,0.0007752538956508257,4eHX3kgn5fkLZtZn6uWkFZGHcuJ46uMjUeAm8mUPMgnyCk5pWYXByXZ8vMDW3tSEHuvCefy4bNYndsAfAiLtQBdG
LIVE-1768932620-1,5mEvgLUE2MvNTSr9mGRo6zvL2M2Jng132sDCP4411FHZ,0.0007752538956508257,3wM3hibHM5aHfoPE9r5MT8J8mNogf77hiyrNtT84j9qpXENDB4wVV98sKwk11C3JQAifidQ6kXQPPz6AVYZnrd4Q
LIVE-1768932620-2,FpFtUESU6Rvy7uS85sLDg7iayjczrsFNJa4Q2dFV8z6q,0.0007752538956508257,36QQHhZYB388wrXmvipq1DpSXUSt6jRQdhnBc85kpxDVk1hutHNh1uGN46sRMg5nsTDamh3V8t1VeTic9r5mmnBL
LIVE-1768932620-3,5mEvgLUE2MvNTSr9mGRo6zvL2M2Jng132sDCP4411FHZ,0.0007752538956508257,4qi8e7q8QqsvVZsdLWaScPGNcoiKYPNpbsi8cPWFJantYqXACA6StTX3RyBr9EUxxjJagmGKXHX1SW4G8zmVkddX
LIVE-1768932621-4,FpFtUESU6Rvy7uS85sLDg7iayjczrsFNJa4Q2dFV8z6q,0.0007752538956508257,4DaTmfosg8g7shrXdXStE42fgRoruJvcmuaDHn4D2MCMYUtBtPzkoPfPcRZFFq8Y4pnq2njvdQnBQJ8HQ3CkKmx3
LIVE-1768932621-5,5mEvgLUE2MvNTSr9mGRo6zvL2M2Jng132sDCP4411FHZ,0.0007752538956508257,4PEQkdVQWUHoZuS6zwULUbS8HikiQVL6YGrzUnF81zr91br9JQ2mUe3dLL3UadVi56bb6rc4dMsjZkhu1GpH78Xx
LIVE-1768932622-6,FpFtUESU6Rvy7uS85sLDg7iayjczrsFNJa4Q2dFV8z6q,0.0007752538956508257,3KE2ffGzLBK7yHkPQLZUdDZrHyxsCwatD7Vk2iat3A9L5d54tWBgHLSRhgV4YhdCqwNDVyMGeiVZpffW2EGsgALP
LIVE-1768932622-7,5mEvgLUE2MvNTSr9mGRo6zvL2M2Jng132sDCP4411FHZ,0.0007752538956508257,bs7ZfH65W2dEP915Xoq6sai2qxxTGJX7dAU54S3ReCKDKc916NMx2wcShFK7AQEzdb5Rf2oW6FntpUXQ9mQs9jZ
LIVE-1768932622-8,FpFtUESU6Rvy7uS85sLDg7iayjczrsFNJa4Q2dFV8z6q,0.0007752538956508257,67a6kf3xqZARcjVBQLSoWiWYSx4CnRiuhMYLtQQZCtPJEKBTR3RE8xvzA1W7rf9rpAsu94LHamwkbFBm9kyguuLW
LIVE-1768932623-9,5mEvgLUE2MvNTSr9mGRo6zvL2M2Jng132sDCP4411FHZ,0.0007752538956508257,2KzVMQFqVCVnvJrneaostU2TKpALBdNXmwojcrijXzXE6rDxBpG5eah6xMXM9vXzBhRizei4AMsJ794LRar7VnK3
LIVE-1768932623-10,FpFtUESU6Rvy7uS85sLDg7iayjczrsFNJa4Q2dFV8z6q,0.0007752538956508257,7HV4JcVuMWwTFwZZin9u2q2JAXMaNBPzMqT3gXUqbcPrA8qkeqEbfSh7RoY9wDJomWdrnZJF5LfucsNvQdwQXTm
LIVE-1768932624-11,5mEvgLUE2MvNTSr9mGRo6zvL2M2Jng132sDCP4411FHZ,0.0007752538956508257,3ephkWKuJd7tsg4njkFgK5PbtUsquSpad1XmUQxYZ6u9kg2dGsGS1hh3aJpQGbY9HppjePgzkvdDyVDBYPT9R7HB
LIVE-1768932624-12,FpFtUESU6Rvy7uS85sLDg7iayjczrsFNJa4Q2dFV8z6q,0.0007752538956508257,AmZMFrfdeojStr7kTqR1JGEsLQrvzyFkBSLpAeZ4TrpZyPDysSWThgNBYdfpbJAJUZcstvuLeEahN7mPGpK6efq
LIVE-1768932624-13,5mEvgLUE2MvNTSr9mGRo6zvL2M2Jng132sDCP4411FHZ,0.0007752538956508257,2tAFAo1aSSst81G44R2FFcokPoYsaEqZRJYnGsCq3bDe7mNvAz8V6hhHhLsEuo9W1dHPgYaK8X19iZFcQ8CtGCNQ
LIVE-1768932625-14,FpFtUESU6Rvy7uS85sLDg7iayjczrsFNJa4Q2dFV8z6q,0.0007752538956508257,2fgJPrGZcAHbbXmwyT4hjRFmMeE9HVwwhN8yaxf2nbT2BaTurSD7FbBLMU967eJBg1QxuQHniRAfAHSiNvzSc7Wx
LIVE-1768932625-15,5mEvgLUE2MvNTSr9mGRo6zvL2M2Jng132sDCP4411FHZ,0.0007752538956508257,5EdxNQqwAA5xXe2B8sbFUsD4ERtMqUQ5129J3uBhxsBVCTEmRv3vrsJfLsJQ4gzUsS9scMcDpwc2V47GsMiJ7e1o
LIVE-1768932626-16,FpFtUESU6Rvy7uS85sLDg7iayjczrsFNJa4Q2dFV8z6q,0.0007752538956508257,2QstcGdp7ei9YrhHG2iice3qsD3qfaQmdgvrPgFHTreRm46xLri2deehjyJ6WG4Q1a2sNpDgTH6Q7rTMNjJh64WW
LIVE-1768932626-17,5mEvgLUE2MvNTSr9mGRo6zvL2M2Jng132sDCP4411FHZ,0.0007752538956508257,44wnSbTB6DJFMmGREu2tfGXf722PhvFfJnSoicLnbQY5vhcxaawtSpLtnK6PnhbQYZ4ZYEGBhToe3uAPvDAZ9iyr
LIVE-1768932626-18,FpFtUESU6Rvy7uS85sLDg7iayjczrsFNJa4Q2dFV8z6q,0.0007752538956508257,29t4dJtdSeRWdGkwbNf8QNAH1kmqZD9vJpaG9LJV1rWMMdpC1jfkqthGS3c2STCkzYu6GBdmj4EBXbWcoCCoETkN
LIVE-1768932627-19,5mEvgLUE2MvNTSr9mGRo6zvL2M2Jng132sDCP4411FHZ,0.0007752538956508257,4utjrXY7HxheBZPK3zFgECw9FzR3xzo9E7rf98FnDt4WTNCwejvoRCRpHcM48uzfQ2cTXJUTgNg3P2t6ZfR3cb63
LIVE-1768932627-20,FpFtUESU6Rvy7uS85sLDg7iayjczrsFNJa4Q2dFV8z6q,0.0007752538956508257,5btcVfNTi8WXB6urQmnat25LKDvtKNLSAiq7UqTJ9ZAtKXT2taxbHcDAJeEKNMBDuWjmU4jKJgrGCoR1xHU6Wo71
LIVE-1768932628-21,5mEvgLUE2MvNTSr9mGRo6zvL2M2Jng132sDCP4411FHZ,0.0007752538956508257,5Gsco1CvxQFRUhTtnbwFhKVTwpyFeF3sj3guQar2ebJudGUqYC2e9vjYZrNaJV6AKxsqm5dzfq2rFQKakhSUqy93
LIVE-1768932628-22,FpFtUESU6Rvy7uS85sLDg7iayjczrsFNJa4Q2dFV8z6q,0.0007752538956508257,2TAa2GWxwTHCCq5sZmoCfwfa68qMUybDrfDk8qXwrBXSQ2RXY1R8C3LUSmd5x6ASzUFPbr7f4XGnom6pPgS5oKHE
LIVE-1768932628-23,5mEvgLUE2MvNTSr9mGRo6zvL2M2Jng132sDCP4411FHZ,0.0007752538956508257,3QEgbxXDq8ZrU8U3253xnc4YsimUswBA1Bo3L8Nzucay5CGxGMncGm5qjk6F5Gjxsk59PbNcMakqnZiCC5D9Mks7
LIVE-1768932629-24,FpFtUESU6Rvy7uS85sLDg7iayjczrsFNJa4Q2dFV8z6q,0.0007752538956508257,PpnjSWEHB7gkNj9bvE7onxp5dQBMJJDfYgHfsq8Uvhuap21MB5Hj1uwSs1tMbWC9bTR2KjMC4JwDGLWePs1U1eh
LIVE-1768932629-25,5mEvgLUE2MvNTSr9mGRo6zvL2M2Jng132sDCP4411FHZ,0.0007752538956508257,4eFfNAfBsE6uwZso99Qa5r5Ad8euxF71tz7UgsRF7sH3o9Hb54QC4XeDEURGAPJZbWA5U3g391yA3Wp8geMNdcgH
LIVE-1768932630-26,FpFtUESU6Rvy7uS85sLDg7iayjczrsFNJa4Q2dFV8z6q,0.0007752538956508257,UXPLkH2qdubSfHspxLcMLDiPwykbfDB1HDoUbQh372YgDvtmXTXEssiCBAZvjzRZUST7PS71Xg528wETSYB5GvJ
LIVE-1768932630-27,5mEvgLUE2MvNTSr9mGRo6zvL2M2Jng132sDCP4411FHZ,0.0007752538956508257,36TJq2NamoeJWSBCDw1cHviX1gP9Qa1kjRHiCHC6ThuWCsxDmKCzwb4KJwNDAFCJYv2caRvwYyQQ3PGcMxuRDwft
LIVE-1768932630-28,FpFtUESU6Rvy7uS85sLDg7iayjczrsFNJa4Q2dFV8z6q,0.0007752538956508257,5QtR34D7mm3nSbZ5jNRjK6ZSKdrKM3oY83es4wbxXHPYCdeBDTnZzYtJwretQZYrQYXoWghDduT78N275rHbt3sF
LIVE-1768932631-29,5mEvgLUE2MvNTSr9mGRo6zvL2M2Jng132sDCP4411FHZ,0.0007752538956508257,NVrpLRn81TKPackDKgVLhiQFDeYiuy7kc8dp52kygndP9n6Ev7Hcfpj6wLrbQkDiEw74Bshn7XXdMFMRq8niqxt
LIVE-1768932631-30,FpFtUESU6Rvy7uS85sLDg7iayjczrsFNJa4Q2dFV8z6q,0.0007752538956508257,4KQLbbqAxxkqc9hP9GcYPE6wq7vgnx1PPASLTQAzMVVdXv1UwMvK5AtU7ZZmcEwtFLUPkfTUHK92H2AUrPJMRjRN
LIVE-1768932632-31,5mEvgLUE2MvNTSr9mGRo6zvL2M2Jng132sDCP4411FHZ,0.0007752538956508257,4nPdu47Un2UK3KMPu4A3fgHFE2qu6SDwBUnJtsN4hvRtD1PWrkQZ5PxbVKj98TVv9ik3pMPXyeXZfDmEzQiYTUQZ
LIVE-1768932632-32,FpFtUESU6Rvy7uS85sLDg7iayjczrsFNJa4Q2dFV8z6q,0.0007752538956508257,5BzQRzFuV9yBoW18B1KXa2S9aykxhxqMW679JWZjEazA3dQkgXSYJ4TkpEd63i2gq1oa9ECKKmAfmMddfNjvbxvr
LIVE-1768932632-33,5mEvgLUE2MvNTSr9mGRo6zvL2M2Jng132sDCP4411FHZ,0.0007752538956508257,2ZgYe7qfdYMhF7cgwnroBrs4npCwqnWK5gCSpnrXrM144KANXWHgKp6kYqcqhfDyz617zucu6axiV8pjVAe2XuCM
LIVE-1768932633-34,FpFtUESU6Rvy7uS85sLDg7iayjczrsFNJa4Q2dFV8z6q,0.0007752538956508257,3XptSrqEB6jZxvjfta7pUwt19prkLBinq3DAJK2Lx2desMc1q5DB5DSxFeh7vG7TE4L8ETMZKvo3Wu1sEyEqxHjH
LIVE-1768932633-35,5mEvgLUE2MvNTSr9mGRo6zvL2M2Jng132sDCP4411FHZ,0.0007752538956508257,46p6bGPSWWC67hHLEkSrYqFX2RavU6ovupvmjfZdsC6LRe7zN7dzfGBoCKkSgUBRHXhStdttpsBJd6V6n6tcTzmq
LIVE-1768932634-36,FpFtUESU6Rvy7uS85sLDg7iayjczrsFNJa4Q2dFV8z6q,0.0007752538956508257,4sQvUHBW4TDFFFyCbK7rqu9exo4zrGwJ5ZSDtR8Gi2DBvzU8Xth15qAsWBbrXejhhiaAxgBeQ6qLs98EE5cLvdhF
LIVE-1768932634-37,5mEvgLUE2MvNTSr9mGRo6zvL2M2Jng132sDCP4411FHZ,0.0007752538956508257,5QTRKuutquEksF5GWM5mGzqjVrpecS4aD96iFDEdVCS5iR71b2ywFuRC7hEQhMC54475q2oEpMSUkrrtUY5LB78T
LIVE-1768932634-38,FpFtUESU6Rvy7uS85sLDg7iayjczrsFNJa4Q2dFV8z6q,0.0007752538956508257,2sDVF6fptyg7xNqCkHroVXEpCjcCZhjsNZhaBveomEvmYMYxzEj2nAkPChC4QBJYz8BWSWpXFsZJpZ4q1H8uy8ao
LIVE-1768932635-39,5mEvgLUE2MvNTSr9mGRo6zvL2M2Jng132sDCP4411FHZ,0.0007752538956508257,3UBY4Fhyt7j4NQAQJWK6bYHgnucxSwVuPwhXdNi5qBqZBbJKYsKXif7Jxxk9Zq6peaYwepdudyUfp1aHhfrKJJb
LIVE-1768932635-40,FpFtUESU6Rvy7uS85sLDg7iayjczrsFNJa4Q2dFV8z6q,0.0007752538956508257,JRzYqDxi3ZYu3FWxVii4CcG8PdhpZa2hMxWsfRXj2CmmSv9bdpLgESNF5JxJuD4kcU1x2fkvjes7E6zhhkfKejz
LIVE-1768932636-41,5mEvgLUE2MvNTSr9mGRo6zvL2M2Jng132sDCP4411FHZ,0.0007752538956508257,3LKATvcKP8quNnGHSB91yHBmC5ACRwqzui2YsXGxFbaqcPgFD5EqXiSBGW58cEREJJJH3FxYwjaHLhuNs3pLtL2R
LIVE-1768932636-42,FpFtUESU6Rvy7uS85sLDg7iayjczrsFNJa4Q2dFV8z6q,0.0007752538956508257,nLG4Jwm5EAUrYh2LgfkVsWQbcA6B45ALqGKMdUduVQNQinUG53RwpG1W6JhXBbMgy8425HNJRjDZXsbRFndYJz9
LIVE-1768932637-43,5mEvgLUE2MvNTSr9mGRo6zvL2M2Jng132sDCP4411FHZ,0.0007752538956508257,45dTDDCkx3ZTTkXCMeNeH37kNmdvpsUcjSzebn32Mbzj6F1jLGuS7ifw6uvQyihSEPVqEyXgYDGx9vH3xUm8AXAo
LIVE-1768932637-44,FpFtUESU6Rvy7uS85sLDg7iayjczrsFNJa4Q2dFV8z6q,0.0007752538956508257,3Gg9egDAd7Q2VFawAoHHHX69ZaNjDhr7WwC3UoEBXxy42NzDJ3AM3BwxpL1WxoC9mdBoxHKXQF1wck6Sx1k1ncte
LIVE-1768932637-45,5mEvgLUE2MvNTSr9mGRo6zvL2M2Jng132sDCP4411FHZ,0.0007752538956508257,4aYpuH1HaYyGVJK8gu5ZQjBTSWp8UoJKk6jt6jaH47fu5hwvNyPiun9BJdgH5pMNJjZHo8pjyrHT5hbLQBNpWHhS
LIVE-1768932638-46,FpFtUESU6Rvy7uS85sLDg7iayjczrsFNJa4Q2dFV8z6q,0.0007752538956508257,4yLUu2D5gGThdtQi73iyfrt3YgGXhdFQ9s1yaLMCYBsdiuiBE6WSVSbH2UU84ocA1djBDJ5hAv98jJnr7UBiXJFq
LIVE-1768932638-47,5mEvgLUE2MvNTSr9mGRo6zvL2M2Jng132sDCP4411FHZ,0.0007752538956508257,3teHYWNhqM6bNaxEwduLsK3f3KyCvrxoJvQnDe32Bz29CjXpJv46Ez53tXSgwx8rwHrbtt162XP3AC41JrBR3d1m
LIVE-1768932638-48,FpFtUESU6Rvy7uS85sLDg7iayjczrsFNJa4Q2dFV8z6q,0.0007752538956508257,5yPxgLYJXnVR8KcUueUWMFkaeJaCWKXTZu2aZEUmS1vzwLbTsHTSCCgqtmBLWwfBhmMrJCbB6NGkU31U2suEzrDq
LIVE-1768932639-49,5mEvgLUE2MvNTSr9mGRo6zvL2M2Jng132sDCP4411FHZ,0.0007752538956508257,4pfNQ6ow7yhibwzHZV2dnA4zHbsK1qWUXvV9xT92vraGueugMj7pJDTEAmm7NnNRaWrgn8QG8KdwGHbhErsoqNCo
